Type,Volume,Area,koverall
Hex1,0.0000785398,0.0000024674,500
Hex2,0.00015708,0.0000049348,500
Hex3,0.000392699,0.000012337,500
Hex4,0.000392699,0.000012337,1000
Hex5,0.000785398,0.000024674,500
None,0,0,0
